<beans xmlns="http://www.springframework.org/schema/beans"
	xmlns:context="http://www.springframework.org/schema/context"
	xmlns:xsi="http://www.w3.org/2001/XMLSchema-instance"
	xmlns:mvc="http://www.springframework.org/schema/mvc"
	xsi:schemaLocation="
        http://www.springframework.org/schema/beans     
        http://www.springframework.org/schema/beans/spring-beans-3.2.xsd
        http://www.springframework.org/schema/mvc 
        http://www.springframework.org/schema/mvc/spring-mvc-3.2.xsd
        http://www.springframework.org/schema/context 
        http://www.springframework.org/schema/context/spring-context-3.2.xsd">

	<context:component-scan base-package="com.springmvc.myapplication" />

	<bean
		class="org.springframework.web.servlet.view.InternalResourceViewResolver">
		<property name="prefix">
			<value>/WEB-INF/views/</value>
		</property>
		<property name="suffix">
			<value>.jsp</value>
		</property>
	</bean>
	
	<!-- Definition for textEditor bean -->
   <bean id = "textEditor" class = "com.springmvc.myapplication.HomeServiceTextEditor">
      <constructor-arg ref = "spellChecker"/>
   </bean>

   <!-- Definition for spellChecker bean -->
   <bean id = "spellChecker" class = "com.springmvc.myapplication.SpellChecker"></bean>

	<mvc:resources mapping="/resources/**" location="/resources/" />
 
	<mvc:annotation-driven />
	
</beans>